{
  "0.4": {
    "overall_accuracy": 0.3548387096774194,
    "metrics_per_class": {
      "Kinga": {
        "accuracy": 0.7580645161290323,
        "precision": 0.21052631578947367,
        "recall": 1.0,
        "roc_auc": 0.0
      },
      "Pawel": {
        "accuracy": 0.7903225806451613,
        "precision": 0.23529411764705882,
        "recall": 1.0,
        "roc_auc": 0.0
      },
      "Piotr": {
        "accuracy": 0.8064516129032258,
        "precision": 0.25,
        "recall": 1.0,
        "roc_auc": 0.0
      }
    }
  },
  "0.45": {
    "overall_accuracy": 0.6290322580645161,
    "metrics_per_class": {
      "Kinga": {
        "accuracy": 0.8870967741935484,
        "precision": 0.36363636363636365,
        "recall": 1.0,
        "roc_auc": 0.0
      },
      "Pawel": {
        "accuracy": 0.8709677419354839,
        "precision": 0.3333333333333333,
        "recall": 1.0,
        "roc_auc": 0.0
      },
      "Piotr": {
        "accuracy": 0.8709677419354839,
        "precision": 0.3333333333333333,
        "recall": 1.0,
        "roc_auc": 0.0
      }
    }
  },
  "0.5": {
    "overall_accuracy": 0.7419354838709677,
    "metrics_per_class": {
      "Kinga": {
        "accuracy": 0.9193548387096774,
        "precision": 0.4444444444444444,
        "recall": 1.0,
        "roc_auc": 0.0
      },
      "Pawel": {
        "accuracy": 0.9193548387096774,
        "precision": 0.4444444444444444,
        "recall": 1.0,
        "roc_auc": 0.0
      },
      "Piotr": {
        "accuracy": 0.9032258064516129,
        "precision": 0.4,
        "recall": 1.0,
        "roc_auc": 0.0
      }
    }
  },
  "0.55": {
    "overall_accuracy": 0.8548387096774194,
    "metrics_per_class": {
      "Kinga": {
        "accuracy": 0.967741935483871,
        "precision": 0.6666666666666666,
        "recall": 1.0,
        "roc_auc": 0.0
      },
      "Pawel": {
        "accuracy": 0.9354838709677419,
        "precision": 0.5,
        "recall": 1.0,
        "roc_auc": 0.0
      },
      "Piotr": {
        "accuracy": 0.9516129032258065,
        "precision": 0.5714285714285714,
        "recall": 1.0,
        "roc_auc": 0.0
      }
    }
  },
  "0.6": {
    "overall_accuracy": 0.9354838709677419,
    "metrics_per_class": {
      "Kinga": {
        "accuracy": 1.0,
        "precision": 1.0,
        "recall": 1.0,
        "roc_auc": 0.0
      },
      "Pawel": {
        "accuracy": 0.967741935483871,
        "precision": 0.6666666666666666,
        "recall": 1.0,
        "roc_auc": 0.0
      },
      "Piotr": {
        "accuracy": 0.967741935483871,
        "precision": 0.6666666666666666,
        "recall": 1.0,
        "roc_auc": 0.0
      }
    }
  },
  "0.6499999999999999": {
    "overall_accuracy": 0.9516129032258065,
    "metrics_per_class": {
      "Kinga": {
        "accuracy": 1.0,
        "precision": 1.0,
        "recall": 1.0,
        "roc_auc": 0.0
      },
      "Pawel": {
        "accuracy": 0.967741935483871,
        "precision": 0.6666666666666666,
        "recall": 1.0,
        "roc_auc": 0.0
      },
      "Piotr": {
        "accuracy": 0.9838709677419355,
        "precision": 0.8,
        "recall": 1.0,
        "roc_auc": 0.0
      }
    }
  },
  "0.7": {
    "overall_accuracy": 0.9516129032258065,
    "metrics_per_class": {
      "Kinga": {
        "accuracy": 1.0,
        "precision": 1.0,
        "recall": 1.0,
        "roc_auc": 0.0
      },
      "Pawel": {
        "accuracy": 0.967741935483871,
        "precision": 0.6666666666666666,
        "recall": 1.0,
        "roc_auc": 0.0
      },
      "Piotr": {
        "accuracy": 0.9838709677419355,
        "precision": 0.8,
        "recall": 1.0,
        "roc_auc": 0.0
      }
    }
  },
  "0.75": {
    "overall_accuracy": 1.0,
    "metrics_per_class": {
      "Kinga": {
        "accuracy": 1.0,
        "precision": 1.0,
        "recall": 1.0,
        "roc_auc": 0.0
      },
      "Pawel": {
        "accuracy": 1.0,
        "precision": 1.0,
        "recall": 1.0,
        "roc_auc": 0.0
      },
      "Piotr": {
        "accuracy": 1.0,
        "precision": 1.0,
        "recall": 1.0,
        "roc_auc": 0.0
      }
    }
  },
  "0.7999999999999999": {
    "overall_accuracy": 1.0,
    "metrics_per_class": {
      "Kinga": {
        "accuracy": 1.0,
        "precision": 1.0,
        "recall": 1.0,
        "roc_auc": 0.0
      },
      "Pawel": {
        "accuracy": 1.0,
        "precision": 1.0,
        "recall": 1.0,
        "roc_auc": 0.0
      },
      "Piotr": {
        "accuracy": 1.0,
        "precision": 1.0,
        "recall": 1.0,
        "roc_auc": 0.0
      }
    }
  },
  "0.8499999999999999": {
    "overall_accuracy": 1.0,
    "metrics_per_class": {
      "Kinga": {
        "accuracy": 1.0,
        "precision": 1.0,
        "recall": 1.0,
        "roc_auc": 0.0
      },
      "Pawel": {
        "accuracy": 1.0,
        "precision": 1.0,
        "recall": 1.0,
        "roc_auc": 0.0
      },
      "Piotr": {
        "accuracy": 1.0,
        "precision": 1.0,
        "recall": 1.0,
        "roc_auc": 0.0
      }
    }
  },
  "0.8999999999999999": {
    "overall_accuracy": 0.9354838709677419,
    "metrics_per_class": {
      "Kinga": {
        "accuracy": 0.9838709677419355,
        "precision": 1.0,
        "recall": 0.75,
        "roc_auc": 0.0
      },
      "Pawel": {
        "accuracy": 1.0,
        "precision": 1.0,
        "recall": 1.0,
        "roc_auc": 0.0
      },
      "Piotr": {
        "accuracy": 0.9516129032258065,
        "precision": 1.0,
        "recall": 0.25,
        "roc_auc": 0.0
      }
    }
  },
  "0.9499999999999998": {
    "overall_accuracy": 0.8870967741935484,
    "metrics_per_class": {
      "Kinga": {
        "accuracy": 0.967741935483871,
        "precision": 1.0,
        "recall": 0.5,
        "roc_auc": 0.0
      },
      "Pawel": {
        "accuracy": 0.9838709677419355,
        "precision": 1.0,
        "recall": 0.75,
        "roc_auc": 0.0
      },
      "Piotr": {
        "accuracy": 0.9354838709677419,
        "precision": 0.0,
        "recall": 0.0,
        "roc_auc": 0.0
      }
    }
  }
}